AOJABBKC,SaanichInlet_10m_104
EHJIHHIA,SaanichInlet_10m_136
ECFPDAKA,SaanichInlet_10m_141
LAMKNALE,SaanichInlet_10m_155
GEPHEFPO,SaanichInlet_10m_183
EHLPAIKB,SaanichInlet_10m_192
GPLBGAJO,SaanichInlet_10m_208
IOMKHCDA,SaanichInlet_10m_227
DLIKLKCP,SaanichInlet_10m_233
PMDGCEHL,SaanichInlet_10m_234
MEPKJAOO,SaanichInlet_10m_240
HNDANFPL,SaanichInlet_10m_246
NDDHILDE,SaanichInlet_10m_262
IGCIMHPM,SaanichInlet_10m_265
OLGPHELA,SaanichInlet_10m_269
LKDOMNOO,SaanichInlet_10m_271
DIPOCFIP,SaanichInlet_10m_292
LBLIPPHJ,SaanichInlet_10m_293
CAOHCFIM,SaanichInlet_10m_296
NPBHCDIL,SaanichInlet_10m_31
PLEHNPDM,SaanichInlet_10m_316
GBJFBJOC,SaanichInlet_10m_318
MGKBJPEF,SaanichInlet_10m_326
JJHLBNLN,SaanichInlet_10m_331
INDECMBL,SaanichInlet_10m_336
JICOJHNP,SaanichInlet_10m_358
LLFADLJE,SaanichInlet_10m_366
OMKMCGPO,SaanichInlet_10m_369
MNBOMGJM,SaanichInlet_10m_370
IIAJCEEM,SaanichInlet_10m_385
LJLJMBLE,SaanichInlet_10m_43
DAAHEFCG,SaanichInlet_10m_58
HLOLMFMH,SaanichInlet_10m_6
HPLBOGDP,SaanichInlet_10m_68
KNGECOPJ,SaanichInlet_10m_70
BJLGFBAK,SaanichInlet_10m_84
